{
  "for_github_test_1": {
    "intrasentence": {
      "gender": {
        "Count": 2313.0,
        "LM Score": 85.73970402503635,
        "SS Score": 60.278684896276104,
        "ICAT Score": 68.11387600956986
      },
      "race": {
        "Count": 8928.0,
        "LM Score": 84.00827460718995,
        "SS Score": 57.02967880452161,
        "ICAT Score": 72.19725085897807
      },
      "religion": {
        "Count": 741.0,
        "LM Score": 84.21150995925436,
        "SS Score": 59.70419362150916,
        "ICAT Score": 67.86741400316933
      },
      "profession": {
        "Count": 7194.0,
        "LM Score": 83.85202686230224,
        "SS Score": 58.93389453546499,
        "ICAT Score": 68.86952357084654
      }
    }
  }
}